use dsa5003;
INSERT INTO Patient 
(FirstName, LastName, DateOfBirth, Gender, Phone, Address, RegistrationDate)
VALUES
('Rahim', 'Uddin', '1990-05-12', 'Male', '01710000001', 'Dhaka', '2024-01-15'),
('Karim', 'Hasan', '1985-03-22', 'Male', '01710000002', 'Chattogram', '2024-02-10'),
('Ayesha', 'Begum', '1992-11-08', 'Female', '01710000003', 'Dhaka', '2024-03-05'),
('Fatema', 'Khan', '1994-07-19', 'Female', '01710000004', 'Sylhet', '2024-01-20'),
('Jamil', 'Ahmed', '1988-12-01', 'Male', '01710000005', 'Khulna', '2024-02-17'),
('Sadia', 'Akter', '1996-10-27', 'Female', '01710000006', 'Dhaka', '2024-03-11'),
('Mamun', 'Hossain', '1993-04-15', 'Male', '01710000007', 'Rajshahi', '2024-03-21'),
('Nusrat', 'Jahan', '1998-02-07', 'Female', '01710000008', 'Dhaka', '2024-01-12'),
('Tanvir', 'Rahman', '1991-08-14', 'Male', '01710000009', 'Barishal', '2024-04-01'),
('Shamima', 'Chowdhury', '1995-06-23', 'Female', '01710000010', 'Chattogram', '2024-01-28'),
('Rafiq', 'Islam', '1984-09-03', 'Male', '01710000011', 'Sylhet', '2024-02-05'),
('Sabina', 'Sultana', '1997-01-18', 'Female', '01710000012', 'Dhaka', '2024-03-18'),
('Hasib', 'Mahmud', '1990-04-09', 'Male', '01710000013', 'Rangpur', '2024-01-10'),
('Mariya', 'Siddiq', '1999-12-30', 'Female', '01710000014', 'Dhaka', '2024-02-14'),
('Rubel', 'Kazi', '1987-05-04', 'Male', '01710000015', 'Khulna', '2024-03-03'),
('Keya', 'Parvin', '1993-09-21', 'Female', '01710000016', 'Chattogram', '2024-03-23'),
('Sabbir', 'Rahim', '1994-11-10', 'Male', '01710000017', 'Dhaka', '2024-01-19'),
('Lamia', 'Hossain', '1992-07-28', 'Female', '01710000018', 'Rajshahi', '2024-02-28'),
('Imran', 'Khan', '1989-03-06', 'Male', '01710000019', 'Sylhet', '2024-03-14'),
('Shila', 'Akter', '1996-09-15', 'Female', '01710000020', 'Dhaka', '2024-01-30'),
('Fahim', 'Rashid', '1991-01-04', 'Male', '01710000021', 'Khulna', '2024-02-08'),
('Nadia', 'Islam', '1995-10-12', 'Female', '01710000022', 'Dhaka', '2024-03-19'),
('Rakib', 'Hasan', '1990-12-22', 'Male', '01710000023', 'Barishal', '2024-01-08'),
('Sumi', 'Akter', '1997-04-25', 'Female', '01710000024', 'Rangpur', '2024-02-19'),
('Kamal', 'Uddin', '1986-08-30', 'Male', '01710000025', 'Chattogram', '2024-03-20'),
('Shanta', 'Begum', '1994-03-17', 'Female', '01710000026', 'Dhaka', '2024-01-25'),
('Farhan', 'Iqbal', '1993-11-11', 'Male', '01710000027', 'Sylhet', '2024-02-11'),
('Ritika', 'Saha', '1998-07-07', 'Female', '01710000028', 'Dhaka', '2024-03-07'),
('Mehedi', 'Hassan', '1991-06-14', 'Male', '01710000029', 'Khulna', '2024-01-02'),
('Priya', 'Das', '1996-02-12', 'Female', '01710000030', 'Chattogram', '2024-02-13'),
('Shuvo', 'Roy', '1992-09-13', 'Male', '01710000031', 'Dhaka', '2024-03-12'),
('Anika', 'Rahman', '1995-12-29', 'Female', '01710000032', 'Dhaka', '2024-01-19'),
('Towhid', 'Hasan', '1990-06-03', 'Male', '01710000033', 'Rajshahi', '2024-02-26'),
('Mou', 'Chowdhury', '1997-05-20', 'Female', '01710000034', 'Sylhet', '2024-03-15'),
('Rasel', 'Miah', '1988-11-26', 'Male', '01710000035', 'Khulna', '2024-01-21'),
('Juthi', 'Akter', '1993-08-16', 'Female', '01710000036', 'Dhaka', '2024-02-04'),
('Azim', 'Khan', '1989-03-23', 'Male', '01710000037', 'Barishal', '2024-03-22'),
('Laboni', 'Sultana', '1994-10-09', 'Female', '01710000038', 'Rangpur', '2024-01-15'),
('Rony', 'Hasan', '1995-07-11', 'Male', '01710000039', 'Chattogram', '2024-02-07'),
('Sabrina', 'Yasmin', '1996-12-17', 'Female', '01710000040', 'Dhaka', '2024-03-09'),
('Zahid', 'Hossain', '1987-09-25', 'Male', '01710000041', 'Sylhet', '2024-01-18'),
('Sadia', 'Mim', '1999-03-21', 'Female', '01710000042', 'Dhaka', '2024-02-16'),
('Sharif', 'Islam', '1993-05-14', 'Male', '01710000043', 'Khulna', '2024-03-01'),
('Monira', 'Akter', '1992-04-28', 'Female', '01710000044', 'Rajshahi', '2024-01-11'),
('Eshan', 'Rahman', '1990-10-07', 'Male', '01710000045', 'Chattogram', '2024-02-22'),
('Jannat', 'Ara', '1997-06-05', 'Female', '01710000046', 'Dhaka', '2024-03-28'),
('Tareq', 'Ahmed', '1986-02-19', 'Male', '01710000047', 'Sylhet', '2024-01-03'),
('Bushra', 'Karim', '1998-09-08', 'Female', '01710000048', 'Dhaka', '2024-02-12'),
('Amin', 'Chowdhury', '1995-12-03', 'Male', '01710000049', 'Khulna', '2024-03-04'),
('Puja', 'Sarkar', '1996-07-18', 'Female', '01710000050', 'Chattogram', '2024-01-27'),
('Majed', 'Islam', '1989-03-12', 'Male', '01710000119', 'Sylhet', '2024-03-17'),
('Sunita', 'Rani', '1997-12-09', 'Female', '01710000120', 'Dhaka', '2024-02-25');


INSERT INTO Patient 
(FirstName, LastName, DateOfBirth, Gender, Phone, Address, RegistrationDate)
VALUES
('Arafat', 'Hossain', '1992-04-13', 'Male', '01710000053', 'Dhaka', '2024-02-26'),
('Maliha', 'Karim', '1998-07-21', 'Female', '01710000054', 'Chattogram', '2024-03-07'),
('Sajid', 'Mahmud', '1990-10-30', 'Male', '01710000055', 'Sylhet', '2024-01-29'),
('Rumana', 'Akter', '1996-09-12', 'Female', '01710000056', 'Rajshahi', '2024-02-17'),
('Hasan', 'Rafiq', '1987-11-18', 'Male', '01710000057', 'Barishal', '2024-03-01'),
('Oni', 'Sultana', '1994-05-14', 'Female', '01710000058', 'Khulna', '2024-02-08'),
('Shahin', 'Islam', '1989-03-26', 'Male', '01710000059', 'Dhaka', '2024-01-22'),
('Salma', 'Yasmin', '1997-08-05', 'Female', '01710000060', 'Chattogram', '2024-03-14'),
('Faruq', 'Ahmed', '1988-12-09', 'Male', '01710000061', 'Rangpur', '2024-02-05'),
('Arpa', 'Zaman', '1995-06-27', 'Female', '01710000062', 'Dhaka', '2024-03-22'),
('Ridwan', 'Rahman', '1993-03-19', 'Male', '01710000063', 'Sylhet', '2024-01-27'),
('Mim', 'Sultana', '1997-01-23', 'Female', '01710000064', 'Dhaka', '2024-02-16'),
('Shakil', 'Hossain', '1989-07-08', 'Male', '01710000065', 'Khulna', '2024-03-18'),
('Tania', 'Akter', '1996-04-12', 'Female', '01710000066', 'Chattogram', '2024-01-11'),
('Aminul', 'Bashar', '1988-10-17', 'Male', '01710000067', 'Rajshahi', '2024-02-28'),
('Shila', 'Begum', '1992-02-02', 'Female', '01710000068', 'Dhaka', '2024-03-29'),
('Nazmul', 'Hasan', '1993-05-21', 'Male', '01710000069', 'Sylhet', '2024-01-08'),
('Jannat', 'Ferdous', '1997-09-30', 'Female', '01710000070', 'Dhaka', '2024-02-13'),
('Yasin', 'Khan', '1987-06-10', 'Male', '01710000071', 'Barishal', '2024-03-03'),
('Sadia', 'Rahman', '1995-12-26', 'Female', '01710000072', 'Khulna', '2024-01-25'),
('Rafi', 'Chowdhury', '1992-08-19', 'Male', '01710000073', 'Sylhet', '2024-03-12'),
('Tahmina', 'Akter', '1998-11-11', 'Female', '01710000074', 'Dhaka', '2024-02-03'),
('Shuvo', 'Islam', '1990-01-15', 'Male', '01710000075', 'Rajshahi', '2024-02-20'),
('Mou', 'Rahman', '1996-06-28', 'Female', '01710000076', 'Chattogram', '2024-03-16'),
('Alif', 'Hossain', '1993-09-05', 'Male', '01710000077', 'Dhaka', '2024-01-30'),
('Raisa', 'Sultana', '1998-05-24', 'Female', '01710000078', 'Khulna', '2024-02-21'),
('Shohag', 'Miah', '1987-12-02', 'Male', '01710000079', 'Barishal', '2024-03-10'),
('Sinthi', 'Akter', '1994-03-13', 'Female', '01710000080', 'Chattogram', '2024-01-12'),
('Fahad', 'Khan', '1992-10-18', 'Male', '01710000081', 'Dhaka', '2024-04-01'),
('Kona', 'Parvin', '1996-08-04', 'Female', '01710000082', 'Sylhet', '2024-02-14'),
('Munna', 'Ahmed', '1991-02-07', 'Male', '01710000083', 'Rajshahi', '2024-03-27'),
('Ishrat', 'Zahan', '1997-07-30', 'Female', '01710000084', 'Dhaka', '2024-01-16'),
('Sadi', 'Rahman', '1988-05-29', 'Male', '01710000085', 'Chattogram', '2024-02-22'),
('Sabiha', 'Sultana', '1995-12-03', 'Female', '01710000086', 'Khulna', '2024-03-25'),
('Arman', 'Hossain', '1993-04-17', 'Male', '01710000087', 'Sylhet', '2024-01-14'),
('Ruma', 'Akter', '1996-11-09', 'Female', '01710000088', 'Dhaka', '2024-02-19'),
('Kawsar', 'Islam', '1989-03-25', 'Male', '01710000089', 'Rangpur', '2024-03-08'),
('Maliha', 'Siddique', '1997-09-15', 'Female', '01710000090', 'Chattogram', '2024-01-06'),
('Tanvir', 'Ahmed', '1991-07-22', 'Male', '01710000091', 'Khulna', '2024-02-09'),
('Lamia', 'Rahim', '1995-10-31', 'Female', '01710000092', 'Dhaka', '2024-03-24'),
('Sabbir', 'Khan', '1992-01-21', 'Male', '01710000093', 'Barishal', '2024-01-19'),
('Sarika', 'Sultana', '1996-11-27', 'Female', '01710000094', 'Sylhet', '2024-02-23'),
('Rashed', 'Uddin', '1988-06-19', 'Male', '01710000095', 'Rangpur', '2024-03-13'),
('Mahi', 'Chowdhury', '1997-05-11', 'Female', '01710000096', 'Dhaka', '2024-01-28'),
('Ashik', 'Rahman', '1991-03-02', 'Male', '01710000097', 'Rajshahi', '2024-02-15'),
('Nupur', 'Sen', '1995-09-20', 'Female', '01710000098', 'Chattogram', '2024-03-05'),
('Imtiaz', 'Hossain', '1990-12-14', 'Male', '01710000099', 'Khulna', '2024-01-05'),
('Sania', 'Akter', '1997-08-25', 'Female', '01710000100', 'Dhaka', '2024-02-07'),
('Rony', 'Islam', '1987-04-16', 'Male', '01710000101', 'Sylhet', '2024-03-19'),
('Trisha', 'Tabassum', '1996-10-08', 'Female', '01710000102', 'Dhaka', '2024-01-26'),
('Parvez', 'Ahmed', '1989-07-04', 'Male', '01710000103', 'Rangpur', '2024-02-11'),
('Samia', 'Rahman', '1998-09-27', 'Female', '01710000104', 'Chattogram', '2024-03-28'),
('Jony', 'Hasan', '1991-05-18', 'Male', '01710000105', 'Khulna', '2024-01-23'),
('Ritu', 'Saha', '1996-12-22', 'Female', '01710000106', 'Dhaka', '2024-02-18'),
('Mahin', 'Khan', '1992-03-09', 'Male', '01710000107', 'Sylhet', '2024-03-26'),
('Shirin', 'Akter', '1995-07-13', 'Female', '01710000108', 'Chattogram', '2024-01-09'),
('Araf', 'Hossain', '1990-02-28', 'Male', '01710000109', 'Dhaka', '2024-02-24'),
('Sinthia', 'Yasmin', '1997-04-04', 'Female', '01710000110', 'Rajshahi', '2024-03-11'),
('Foysal', 'Rahman', '1993-06-16', 'Male', '01710000111', 'Khulna', '2024-01-17'),
('Nabila', 'Ahmed', '1996-11-02', 'Female', '01710000112', 'Rangpur', '2024-02-27'),
('Rashid', 'Mahmud', '1988-08-01', 'Male', '01710000113', 'Barishal', '2024-03-06'),
('Hafsa', 'Rahman', '1995-05-23', 'Female', '01710000114', 'Dhaka', '2024-01-13'),
('Jubayer', 'Islam', '1992-04-20', 'Male', '01710000115', 'Chattogram', '2024-02-10'),
('Sanji', 'Sultana', '1997-09-19', 'Female', '01710000116', 'Sylhet', '2024-03-02'),
('Omar', 'Faruk', '1991-12-24', 'Male', '01710000117', 'Rajshahi', '2024-01-24'),
('Rehnuma', 'Akter', '1996-03-31', 'Female', '01710000118', 'Dhaka', '2024-02-06'),
('Majed', 'Islam', '1989-03-12', 'Male', '01710000119', 'Sylhet', '2024-03-17'),
('Sunita', 'Rani', '1997-12-09', 'Female', '01710000120', 'Dhaka', '2024-02-25');

select * from patient;

INSERT INTO Doctor (DoctorName, Specialty, Phone, Email)
VALUES
('Dr. Aminur Rahman', 'Cardiology', '01810000001', 'aminur.rahman@hospital.com'),
('Dr. Farhana Islam', 'Gynecology', '01810000002', 'farhana.islam@hospital.com'),
('Dr. Tanvir Chowdhury', 'Orthopedics', '01810000003', 'tanvir.chowdhury@hospital.com'),
('Dr. Nusrat Jahan', 'Dermatology', '01810000004', 'nusrat.jahan@hospital.com'),
('Dr. Rezaul Karim', 'Medicine', '01810000005', 'rezaul.karim@hospital.com'),
('Dr. Sumaiya Akter', 'ENT', '01810000006', 'sumaiya.akter@hospital.com'),
('Dr. Abdullah Mamun', 'Neurology', '01810000007', 'abdullah.mamun@hospital.com'),
('Dr. Sharmin Sultana', 'Pediatrics', '01810000008', 'sharmin.sultana@hospital.com'),
('Dr. Mahmud Hasan', 'Urology', '01810000009', 'mahmud.hasan@hospital.com'),
('Dr. Lamia Rahman', 'Ophthalmology', '01810000010', 'lamia.rahman@hospital.com'),
('Dr. Jahangir Kabir', 'Cardiology', '01810000011', 'jahangir.kabir@hospital.com'),
('Dr. Rifat Ahmed', 'Orthopedics', '01810000012', 'rifat.ahmed@hospital.com'),
('Dr. Fatema Siddique', 'Gynecology', '01810000013', 'fatema.siddique@hospital.com'),
('Dr. Hasan Mahfuz', 'Dermatology', '01810000014', 'hasan.mahfuz@hospital.com'),
('Dr. Priya Saha', 'Medicine', '01810000015', 'priya.saha@hospital.com'),
('Dr. Saiful Islam', 'ENT', '01810000016', 'saiful.islam@hospital.com'),
('Dr. Rumi Chowdhury', 'Neurology', '01810000017', 'rumi.chowdhury@hospital.com'),
('Dr. Kazi Shahid', 'Pediatrics', '01810000018', 'kazi.shahid@hospital.com'),
('Dr. Jannat Ara', 'Urology', '01810000019', 'jannat.ara@hospital.com'),
('Dr. Tarek Rahim', 'Ophthalmology', '01810000020', 'tarek.rahim@hospital.com'),
('Dr. Shamsul Haque', 'Cardiology', '01810000021', 'shamsul.haque@hospital.com'),
('Dr. Monika Das', 'Gynecology', '01810000022', 'monika.das@hospital.com'),
('Dr. Arif Hossain', 'Medicine', '01810000023', 'arif.hossain@hospital.com'),
('Dr. Sabrina Yusuf', 'Dermatology', '01810000024', 'sabrina.yusuf@hospital.com'),
('Dr. Kamrul Hasan', 'Orthopedics', '01810000025', 'kamrul.hasan@hospital.com');

select * from doctor;


INSERT INTO Appointment (AppointmentID, PatientID, DoctorID, AppointmentDate, AppointmentTime, Status) VALUES
(1, 12, 5, '2024-01-05', '09:00', 'Completed'),
(2, 33, 17, '2024-01-05', '10:30', 'Completed'),
(3, 7, 9, '2024-01-06', '11:00', 'Scheduled'),
(4, 45, 3, '2024-01-06', '14:00', 'Completed'),
(5, 19, 11, '2024-01-07', '15:30', 'No-Show'),
(6, 88, 21, '2024-01-07', '16:00', 'Completed'),
(7, 54, 12, '2024-01-08', '09:30', 'Completed'),
(8, 102, 1, '2024-01-08', '13:00', 'Cancelled'),
(9, 16, 25, '2024-01-09', '10:00', 'Completed'),
(10, 81, 14, '2024-01-09', '15:00', 'Completed'),
(11, 5, 8, '2024-01-10', '11:30', 'Scheduled'),
(12, 62, 19, '2024-01-10', '14:30', 'Completed'),
(13, 29, 7, '2024-01-11', '09:00', 'Completed'),
(14, 48, 10, '2024-01-11', '10:30', 'Completed'),
(15, 77, 13, '2024-01-12', '12:00', 'Completed'),
(16, 101, 15, '2024-01-12', '16:00', 'No-Show'),
(17, 36, 6, '2024-01-13', '09:00', 'Completed'),
(18, 94, 2, '2024-01-13', '11:30', 'Completed'),
(19, 8, 13, '2024-01-14', '15:00', 'Cancelled'),
(20, 57, 4, '2024-01-14', '16:00', 'Completed'),
(21, 110, 20, '2024-01-15', '09:00', 'Completed'),
(22, 21, 3, '2024-01-15', '10:00', 'Completed'),
(23, 74, 9, '2024-01-16', '13:00', 'Scheduled'),
(24, 3, 8, '2024-01-16', '14:00', 'Completed'),
(25, 67, 18, '2024-01-17', '09:00', 'Completed'),
(26, 43, 12, '2024-01-17', '10:30', 'Completed'),
(27, 97, 11, '2024-01-18', '12:00', 'Completed'),
(28, 14, 5, '2024-01-18', '15:30', 'No-Show'),
(29, 70, 2, '2024-01-19', '09:00', 'Completed'),
(30, 52, 7, '2024-01-19', '11:00', 'Completed'),
(31, 118, 21, '2024-01-20', '13:00', 'Completed'),
(32, 9, 14, '2024-01-20', '14:30', 'Cancelled'),
(33, 84, 6, '2024-01-21', '09:45', 'Completed'),
(34, 31, 19, '2024-01-21', '11:15', 'Completed'),
(35, 49, 25, '2024-01-22', '10:30', 'Scheduled'),
(36, 23, 10, '2024-01-22', '16:00', 'Completed'),
(37, 60, 15, '2024-01-23', '09:00', 'Completed'),
(38, 2, 4, '2024-01-23', '10:00', 'Completed'),
(39, 90, 12, '2024-01-24', '11:00', 'Completed'),
(40, 28, 8, '2024-01-24', '14:30', 'Completed'),
(41, 11, 1, '2024-01-25', '09:30', 'No-Show'),
(42, 66, 6, '2024-01-25', '13:00', 'Completed'),
(43, 39, 9, '2024-01-26', '10:00', 'Completed'),
(44, 72, 20, '2024-01-26', '15:30', 'Completed'),
(45, 4, 3, '2024-01-27', '09:00', 'Scheduled'),
(46, 105, 5, '2024-01-27', '12:00', 'Completed'),
(47, 34, 7, '2024-01-28', '09:15', 'Completed'),
(48, 108, 2, '2024-01-28', '11:30', 'Completed'),
(49, 15, 11, '2024-01-29', '10:00', 'Completed'),
(50, 82, 14, '2024-01-29', '15:00', 'Cancelled');

INSERT INTO Appointment (AppointmentID, PatientID, DoctorID, AppointmentDate, AppointmentTime, Status) VALUES
(51, 38, 8, '2024-01-30', '09:00', 'Completed'),
(52, 83, 1, '2024-01-30', '10:30', 'Completed'),
(53, 50, 13, '2024-01-31', '11:00', 'Scheduled'),
(54, 17, 12, '2024-01-31', '14:00', 'Completed'),
(55, 95, 15, '2024-02-01', '15:30', 'No-Show'),
(56, 40, 4, '2024-02-01', '16:00', 'Completed'),
(57, 71, 20, '2024-02-02', '09:30', 'Completed'),
(58, 6, 6, '2024-02-02', '13:00', 'Cancelled'),
(59, 99, 7, '2024-02-03', '10:00', 'Completed'),
(60, 30, 1, '2024-02-03', '15:00', 'Completed'),
(61, 55, 9, '2024-02-04', '11:30', 'Scheduled'),
(62, 21, 14, '2024-02-04', '14:30', 'Completed'),
(63, 63, 2, '2024-02-05', '09:00', 'Completed'),
(64, 46, 5, '2024-02-05', '10:30', 'Completed'),
(65, 80, 11, '2024-02-06', '12:00', 'Completed'),
(66, 104, 19, '2024-02-06', '16:00', 'No-Show'),
(67, 27, 3, '2024-02-07', '09:00', 'Completed'),
(68, 100, 25, '2024-02-07', '11:30', 'Completed'),
(69, 22, 8, '2024-02-08', '15:00', 'Cancelled'),
(70, 76, 10, '2024-02-08', '16:00', 'Completed'),
(71, 13, 12, '2024-02-09', '09:00', 'Completed'),
(72, 91, 14, '2024-02-09', '10:00', 'Completed'),
(73, 35, 1, '2024-02-10', '13:00', 'Scheduled'),
(74, 47, 3, '2024-02-10', '14:00', 'Completed'),
(75, 64, 7, '2024-02-11', '09:00', 'Completed'),
(76, 26, 6, '2024-02-11', '10:30', 'Completed'),
(77, 111, 20, '2024-02-12', '12:00', 'Completed'),
(78, 20, 5, '2024-02-12', '15:30', 'No-Show'),
(79, 73, 15, '2024-02-13', '09:00', 'Completed'),
(80, 51, 9, '2024-02-13', '11:00', 'Completed'),
(81, 119, 8, '2024-02-14', '13:00', 'Completed'),
(82, 37, 2, '2024-02-14', '14:30', 'Cancelled'),
(83, 65, 25, '2024-02-15', '09:00', 'Completed'),
(84, 42, 11, '2024-02-15', '10:00', 'Completed'),
(85, 18, 14, '2024-02-16', '13:30', 'Scheduled'),
(86, 96, 6, '2024-02-16', '15:00', 'Completed'),
(87, 61, 12, '2024-02-17', '09:00', 'Completed'),
(88, 53, 1, '2024-02-17', '11:30', 'Completed'),
(89, 79, 19, '2024-02-18', '14:00', 'No-Show'),
(90, 41, 4, '2024-02-18', '15:30', 'Completed'),
(91, 24, 7, '2024-02-19', '09:15', 'Completed'),
(92, 85, 20, '2024-02-19', '10:45', 'Completed'),
(93, 59, 2, '2024-02-20', '12:00', 'Scheduled'),
(94, 98, 10, '2024-02-20', '13:30', 'Completed'),
(95, 32, 5, '2024-02-21', '09:00', 'Completed'),
(96, 78, 8, '2024-02-21', '11:00', 'Completed'),
(97, 10, 15, '2024-02-22', '14:00', 'Completed'),
(98, 44, 3, '2024-02-22', '15:30', 'Completed'),
(99, 86, 9, '2024-02-23', '09:00', 'Scheduled'),
(100, 116, 13, '2024-02-23', '10:30', 'Completed');

INSERT INTO Appointment (AppointmentID, PatientID, DoctorID, AppointmentDate, AppointmentTime, Status) VALUES
(101, 5, 16, '2024-02-24', '09:00', 'Completed'),
(102, 12, 4, '2024-02-24', '10:30', 'Completed'),
(103, 23, 7, '2024-02-25', '11:00', 'Scheduled'),
(104, 37, 3, '2024-02-25', '12:30', 'Completed'),
(105, 50, 20, '2024-02-26', '09:00', 'Completed'),
(106, 65, 5, '2024-02-26', '10:30', 'No-Show'),
(107, 18, 12, '2024-02-27', '14:00', 'Completed'),
(108, 41, 9, '2024-02-27', '15:30', 'Completed'),
(109, 79, 11, '2024-02-28', '09:15', 'Completed'),
(110, 61, 2, '2024-02-28', '10:45', 'Scheduled'),
(111, 53, 6, '2024-02-29', '12:00', 'Completed'),
(112, 10, 1, '2024-02-29', '13:30', 'Completed'),
(113, 86, 14, '2024-03-01', '09:00', 'No-Show'),
(114, 44, 15, '2024-03-01', '11:00', 'Completed'),
(115, 78, 13, '2024-03-02', '10:00', 'Completed'),
(116, 32, 7, '2024-03-02', '11:30', 'Scheduled'),
(117, 98, 10, '2024-03-03', '09:00', 'Completed'),
(118, 59, 8, '2024-03-03', '10:30', 'Completed'),
(119, 85, 5, '2024-03-04', '12:00', 'Completed'),
(120, 24, 1, '2024-03-04', '13:00', 'Cancelled'),
(121, 96, 20, '2024-03-05', '09:00', 'Completed'),
(122, 32, 2, '2024-03-05', '10:30', 'Completed'),
(123, 78, 3, '2024-03-06', '11:00', 'Scheduled'),
(124, 44, 6, '2024-03-06', '12:30', 'Completed'),
(125, 86, 4, '2024-03-07', '09:00', 'Completed'),
(126, 10, 7, '2024-03-07', '10:30', 'Completed'),
(127, 53, 12, '2024-03-08', '11:00', 'No-Show'),
(128, 61, 9, '2024-03-08', '13:30', 'Completed'),
(129, 79, 11, '2024-03-09', '09:00', 'Completed'),
(130, 41, 15, '2024-03-09', '10:30', 'Completed'),
(131, 18, 8, '2024-03-10', '12:00', 'Scheduled'),
(132, 65, 10, '2024-03-10', '13:30', 'Completed'),
(133, 50, 6, '2024-03-11', '09:00', 'Completed'),
(134, 37, 5, '2024-03-11', '10:30', 'No-Show'),
(135, 23, 14, '2024-03-12', '11:00', 'Completed'),
(136, 12, 1, '2024-03-12', '12:30', 'Completed'),
(137, 5, 3, '2024-03-13', '09:00', 'Scheduled'),
(138, 86, 2, '2024-03-13', '10:30', 'Completed'),
(139, 44, 20, '2024-03-14', '11:00', 'Completed'),
(140, 78, 12, '2024-03-14', '12:30', 'Completed'),
(141, 32, 7, '2024-03-15', '09:00', 'Completed'),
(142, 96, 15, '2024-03-15', '10:30', 'No-Show'),
(143, 24, 6, '2024-03-16', '11:00', 'Completed'),
(144, 85, 13, '2024-03-16', '12:30', 'Completed'),
(145, 59, 9, '2024-03-17', '09:00', 'Scheduled'),
(146, 10, 1, '2024-03-17', '10:30', 'Completed'),
(147, 53, 8, '2024-03-18', '11:00', 'Completed'),
(148, 41, 5, '2024-03-18', '12:30', 'Completed'),
(149, 18, 2, '2024-03-19', '09:00', 'Completed'),
(150, 65, 4, '2024-03-19', '10:30', 'Completed');

select * from appointment;

INSERT INTO Treatment (AppointmentID, Diagnosis, TreatmentDetails, TreatmentDate) VALUES
(1, 'Gastritis', 'Antacid and dietary advice; H. pylori test if persistent.', '2024-01-08'),
(2, 'Migraine', 'Triptan and pain management; avoid triggers.', '2024-01-08'),
(3, 'Fracture', 'X-ray confirmed; plaster cast applied and analgesics prescribed.', '2024-01-09'),
(4, 'Fracture', 'X-ray confirmed; plaster cast applied and analgesics prescribed.', '2024-01-09'),
(5, 'UTI', 'Urine analysis; antibiotics prescribed after culture if needed.', '2024-01-20'),
(6, 'Ischemic Heart Disease', 'Started dual antiplatelet therapy; refer for cardiology follow-up.', '2024-01-10'),
(7, 'Arthritis', 'NSAIDs and joint exercises recommended; follow-up in 2 weeks.', '2024-01-10'),
(8, 'Pregnancy Checkup', 'Routine antenatal check, prescribed prenatal vitamins.', '2024-01-11'),
(9, 'Urinary Incontinence', 'Pelvic floor exercises and referral.', '2024-01-11'),
(10, 'Conjunctivitis', 'Eye drops and hygiene advice.', '2024-01-12'),
(11, 'Skin Rash', 'Allergy tests and antihistamines prescribed.', '2024-01-13'),
(12, 'UTI', 'Urine test; prescribed antibiotic for 5 days.', '2024-01-13'),
(13, 'Back Pain', 'Physiotherapy advised and NSAIDs prescribed.', '2024-01-12'),
(14, 'Gastritis', 'Antacid and dietary advice; H. pylori test if persistent.', '2024-01-12'),
(15, 'Acne', 'Topical retinoid and antibiotic for severe cases.', '2024-01-15'),
(16, 'Diabetes Follow-up', 'Blood sugar checked; adjusted oral hypoglycemic dose.', '2024-01-15'),
(17, 'Ear Infection', 'Oral antibiotics and ear drops prescribed.', '2024-01-15'),
(18, 'Pregnancy Checkup', 'Routine antenatal check, prescribed prenatal vitamins.', '2024-01-16'),
(19, 'Acne', 'Topical retinoid and antibiotic for severe cases.', '2024-01-17'),
(20, 'Fungal Infection', 'Topical antifungal cream for 2 weeks.', '2024-01-17'),
(21, 'Cataract Check', 'Slit-lamp exam; surgical referral if indicated.', '2024-01-19'),
(22, 'Fracture', 'X-ray confirmed; plaster cast applied and analgesics prescribed.', '2024-01-18'),
(23, 'Sprain', 'Rest, ice, compression, elevation; painkillers prescribed.', '2024-01-19'),
(24, 'Skin Rash', 'Allergy tests and antihistamines prescribed.', '2024-01-19'),
(25, 'UTI in female', 'Urine test; prescribed antibiotic for 5 days.', '2024-01-19'),
(26, 'Arthritis', 'NSAIDs and joint exercises recommended; follow-up in 2 weeks.', '2024-01-19'),
(27, 'UTI', 'Urine analysis; antibiotics prescribed after culture if needed.', '2024-01-21'),
(28, 'Gastritis', 'Antacid and dietary advice; H. pylori test if persistent.', '2024-01-21'),
(29, 'Migraine', 'Triptan and pain management; avoid triggers.', '2024-01-22'),
(30, 'Joint Pain', 'Analgesics and physiotherapy advised.', '2024-01-22'),
(31, 'Ischemic Heart Disease', 'Started dual antiplatelet therapy; refer for cardiology follow-up.', '2024-01-23'),
(32, 'Conjunctivitis', 'Eye drops and hygiene advice.', '2024-01-23'),
(33, 'Ear Infection', 'Oral antibiotics and ear drops prescribed.', '2024-01-24'),
(34, 'UTI', 'Urine test; prescribed antibiotic for 5 days.', '2024-01-24'),
(35, 'Urinary Incontinence', 'Pelvic floor exercises and referral.', '2024-01-25'),
(36, 'Vision Test', 'Corrective lens advised if needed.', '2024-01-25'),
(37, 'Diabetes Follow-up', 'Blood sugar checked; adjusted oral hypoglycemic dose.', '2024-01-25'),
(38, 'Gastritis', 'Antacid and dietary advice; H. pylori test if persistent.', '2024-01-26'),
(39, 'Arrhythmia', 'ECG showed irregular rhythm; started beta-blocker and monitoring.', '2024-01-26'),
(40, 'Skin Rash', 'Allergy tests and antihistamines prescribed.', '2024-01-27'),
(41, 'Pregnancy Checkup', 'Routine antenatal check, prescribed prenatal vitamins.', '2024-01-28'),
(42, 'Ear Infection', 'Oral antibiotics and ear drops prescribed.', '2024-01-28'),
(43, 'Sprain', 'Rest, ice, compression, elevation; painkillers prescribed.', '2024-01-29'),
(44, 'Cataract Check', 'Slit-lamp exam; surgical referral if indicated.', '2024-01-29'),
(45, 'Fracture', 'X-ray confirmed; plaster cast applied and analgesics prescribed.', '2024-01-30'),
(46, 'Gastritis', 'Antacid and dietary advice; H. pylori test if persistent.', '2024-01-30'),
(47, 'Joint Pain', 'Analgesics and physiotherapy advised.', '2024-01-29'),
(48, 'Pregnancy Checkup', 'Routine antenatal check, prescribed prenatal vitamins.', '2024-01-31'),
(49, 'UTI', 'Urine analysis; antibiotics prescribed after culture if needed.', '2024-01-31'),
(50, 'Conjunctivitis', 'Eye drops and hygiene advice.', '2024-02-01'),
(51, 'Skin Rash', 'Allergy tests and antihistamines prescribed.', '2024-02-02'),
(52, 'Ischemic Heart Disease', 'Started dual antiplatelet therapy; refer for cardiology follow-up.', '2024-02-02'),
(53, 'Menstrual Disorder', 'Hormonal therapy advised; pelvic ultrasound ordered.', '2024-02-02'),
(54, 'Arrhythmia', 'ECG showed irregular rhythm; started beta-blocker and monitoring.', '2024-02-02'),
(55, 'Diabetes Follow-up', 'Blood sugar checked; adjusted oral hypoglycemic dose.', '2024-02-04'),
(56, 'Skin Rash', 'Allergy tests and antihistamines prescribed.', '2024-02-04'),
(57, 'Cataract Check', 'Slit-lamp exam; surgical referral if indicated.', '2024-02-05'),
(58, 'Tonsillitis', 'Antibiotics and analgesics; throat swab if required.', '2024-02-05'),
(59, 'Fracture', 'X-ray confirmed; plaster cast applied and analgesics prescribed.', '2024-02-06'),
(60, 'Chest Pain', 'ECG performed; started on ACE inhibitor and scheduled stress test.', '2024-02-06'),
(61, 'Skin Rash', 'Allergy tests and antihistamines prescribed.', '2024-02-06'),
(62, 'Gastritis', 'Antacid and dietary advice; H. pylori test if persistent.', '2024-02-07'),
(63, 'Pregnancy Checkup', 'Routine antenatal check, prescribed prenatal vitamins.', '2024-02-08'),
(64, 'Ischemic Heart Disease', 'Started dual antiplatelet therapy; refer for cardiology follow-up.', '2024-02-08'),
(65, 'UTI', 'Urine analysis; antibiotics prescribed after culture if needed.', '2024-02-09'),
(66, 'Skin Rash', 'Allergy tests and antihistamines prescribed.', '2024-02-09'),
(67, 'Back Pain', 'Physiotherapy advised and NSAIDs prescribed.', '2024-02-10'),
(68, 'Urinary Incontinence', 'Pelvic floor exercises and referral.', '2024-02-10'),
(69, 'Skin Rash', 'Allergy tests and antihistamines prescribed.', '2024-02-11'),
(70, 'Vision Test', 'Corrective lens advised if needed.', '2024-02-11'),
(71, 'Chest Pain', 'ECG performed; started on ACE inhibitor and scheduled stress test.', '2024-02-12'),
(72, 'Conjunctivitis', 'Eye drops and hygiene advice.', '2024-02-12'),
(73, 'Hypertension', 'Prescribed antihypertensive medication; advised salt-restricted diet.', '2024-02-13'),
(74, 'Fracture', 'X-ray confirmed; plaster cast applied and analgesics prescribed.', '2024-02-12'),
(75, 'Arthritis', 'NSAIDs and joint exercises recommended; follow-up in 2 weeks.', '2024-02-13'),
(76, 'Ear Infection', 'Oral antibiotics and ear drops prescribed.', '2024-02-13'),
(77, 'Cataract Check', 'Slit-lamp exam; surgical referral if indicated.', '2024-02-13'),
(78, 'Gastritis', 'Antacid and dietary advice; H. pylori test if persistent.', '2024-02-15'),
(79, 'Diabetes Follow-up', 'Blood sugar checked; adjusted oral hypoglycemic dose.', '2024-02-14'),
(80, 'Skin Rash', 'Allergy tests and antihistamines prescribed.', '2024-02-14'),
(81, 'Ear Infection', 'Oral antibiotics and ear drops prescribed.', '2024-02-16'),
(82, 'Back Pain', 'Physiotherapy advised and NSAIDs prescribed.', '2024-02-16'),
(83, 'UTI', 'Urine analysis; antibiotics prescribed after culture if needed.', '2024-02-16'),
(84, 'UTI in female', 'Urine test; prescribed antibiotic for 5 days.', '2024-02-17'),
(85, 'Hypertension', 'Prescribed antihypertensive medication; advised salt-restricted diet.', '2024-02-19'),
(86, 'Ear Infection', 'Oral antibiotics and ear drops prescribed.', '2024-02-19'),
(87, 'Fracture', 'X-ray confirmed; plaster cast applied and analgesics prescribed.', '2024-02-20'),
(88, 'Ischemic Heart Disease', 'Started dual antiplatelet therapy; refer for cardiology follow-up.', '2024-02-20'),
(89, 'UTI', 'Urine analysis; antibiotics prescribed after culture if needed.', '2024-02-21'),
(90, 'Gastritis', 'Antacid and dietary advice; H. pylori test if persistent.', '2024-02-21'),
(91, 'Sprain', 'Rest, ice, compression, elevation; painkillers prescribed.', '2024-02-22'),
(92, 'Cataract Check', 'Slit-lamp exam; surgical referral if indicated.', '2024-02-22'),
(93, 'Immunization', 'Administered vaccines as per schedule.', '2024-02-23'),
(94, 'Joint Pain', 'Analgesics and physiotherapy advised.', '2024-02-23'),
(95, 'Gastritis', 'Antacid and dietary advice; H. pylori test if persistent.', '2024-02-22'),
(96, 'Skin Rash', 'Allergy tests and antihistamines prescribed.', '2024-02-23'),
(97, 'Migraine', 'Triptan and pain management; avoid triggers.', '2024-02-23'),
(98, 'Fracture', 'X-ray confirmed; plaster cast applied and analgesics prescribed.', '2024-02-24'),
(99, 'Skin Rash', 'Allergy tests and antihistamines prescribed.', '2024-02-24'),
(100, 'Menstrual Disorder', 'Hormonal therapy advised; pelvic ultrasound ordered.', '2024-02-25'),
(101, 'Ear Infection', 'Oral antibiotics and ear drops prescribed.', '2024-02-26'),
(102, 'Arrhythmia', 'ECG showed irregular rhythm; started beta-blocker and monitoring.', '2024-02-26'),
(103, 'Sprain', 'Rest, ice, compression, elevation; painkillers prescribed.', '2024-02-28'),
(104, 'Fracture', 'X-ray confirmed; plaster cast applied and analgesics prescribed.', '2024-02-27'),
(105, 'Cataract Check', 'Slit-lamp exam; surgical referral if indicated.', '2024-02-28'),
(106, 'Gastritis', 'Antacid and dietary advice; H. pylori test if persistent.', '2024-02-28'),
(107, 'Arrhythmia', 'ECG showed irregular rhythm; started beta-blocker and monitoring.', '2024-03-01'),
(108, 'Sprain', 'Rest, ice, compression, elevation; painkillers prescribed.', '2024-03-01'),
(109, 'UTI', 'Urine analysis; antibiotics prescribed after culture if needed.', '2024-03-01'),
(110, 'Conjunctivitis', 'Eye drops and hygiene advice.', '2024-03-01'),
(111, 'Tonsillitis', 'Antibiotics and analgesics; throat swab if required.', '2024-03-01'),
(112, 'Chest Pain', 'ECG performed; started on ACE inhibitor and scheduled stress test.', '2024-03-01'),
(113, 'Conjunctivitis', 'Eye drops and hygiene advice.', '2024-03-04'),
(114, 'UTI', 'Urine analysis; antibiotics prescribed after culture if needed.', '2024-03-04'),
(115, 'Menstrual Disorder', 'Hormonal therapy advised; pelvic ultrasound ordered.', '2024-03-05'),
(116, 'Fracture', 'X-ray confirmed; plaster cast applied and analgesics prescribed.', '2024-03-05'),
(117, 'Vision Test', 'Corrective lens advised if needed.', '2024-03-04'),
(118, 'Ear Infection', 'Oral antibiotics and ear drops prescribed.', '2024-03-05'),
(119, 'UTI', 'Urine analysis; antibiotics prescribed after culture if needed.', '2024-03-05'),
(120, 'Ischemic Heart Disease', 'Started dual antiplatelet therapy; refer for cardiology follow-up.', '2024-03-06'),
(121, 'Cataract Check', 'Slit-lamp exam; surgical referral if indicated.', '2024-03-06'),
(122, 'Arrhythmia', 'ECG showed irregular rhythm; started beta-blocker and monitoring.', '2024-03-07'),
(123, 'Fracture', 'X-ray confirmed; plaster cast applied and analgesics prescribed.', '2024-03-09'),
(124, 'Ear Infection', 'Oral antibiotics and ear drops prescribed.', '2024-03-09'),
(125, 'Skin Rash', 'Allergy tests and antihistamines prescribed.', '2024-03-08'),
(126, 'Joint Pain', 'Analgesics and physiotherapy advised.', '2024-03-08'),
(127, 'UTI', 'Urine analysis; antibiotics prescribed after culture if needed.', '2024-03-09'),
(128, 'Ear Infection', 'Oral antibiotics and ear drops prescribed.', '2024-03-11'),
(129, 'UTI', 'Urine analysis; antibiotics prescribed after culture if needed.', '2024-03-10'),
(130, 'Cataract Check', 'Slit-lamp exam; surgical referral if indicated.', '2024-03-10'),
(131, 'Back Pain', 'Physiotherapy advised and NSAIDs prescribed.', '2024-03-11'),
(132, 'Vision Test', 'Corrective lens advised if needed.', '2024-03-11'),
(133, 'Joint Pain', 'Analgesics and physiotherapy advised.', '2024-03-12'),
(134, 'Chest Pain', 'ECG performed; started on ACE inhibitor and scheduled stress test.', '2024-03-12'),
(135, 'Immunization', 'Administered vaccines as per schedule.', '2024-03-13'),
(136, 'Arrhythmia', 'ECG showed irregular rhythm; started beta-blocker and monitoring.', '2024-03-13'),
(137, 'Fracture', 'X-ray confirmed; plaster cast applied and analgesics prescribed.', '2024-03-14'),
(138, 'Hypertension', 'Prescribed antihypertensive medication; advised salt-restricted diet.', '2024-03-14'),
(139, 'Cataract Check', 'Slit-lamp exam; surgical referral if indicated.', '2024-03-15'),
(140, 'Ear Infection', 'Oral antibiotics and ear drops prescribed.', '2024-03-15'),
(141, 'Arthritis', 'NSAIDs and joint exercises recommended; follow-up in 2 weeks.', '2024-03-16'),
(142, 'Diabetes Follow-up', 'Blood sugar checked; adjusted oral hypoglycemic dose.', '2024-03-16'),
(143, 'Tonsillitis', 'Antibiotics and analgesics; throat swab if required.', '2024-03-17'),
(144, 'UTI', 'Urine analysis; antibiotics prescribed after culture if needed.', '2024-03-17'),
(145, 'Conjunctivitis', 'Eye drops and hygiene advice.', '2024-03-18'),
(146, 'Chest Pain', 'ECG performed; started on ACE inhibitor and scheduled stress test.', '2024-03-18'),
(147, 'Skin Rash', 'Allergy tests and antihistamines prescribed.', '2024-03-19'),
(148, 'Gastritis', 'Antacid and dietary advice; H. pylori test if persistent.', '2024-03-19'),
(149, 'Pregnancy Checkup', 'Routine antenatal check, prescribed prenatal vitamins.', '2024-03-20'),
(150, 'Skin Rash', 'Allergy tests and antihistamines prescribed.', '2024-03-22');

select * from treatment;

INSERT INTO Medicine (MedicineID, MedicineName, Description, UnitPrice, StockQuantity) VALUES
(1, 'Paracetamol', 'Pain reliever and fever reducer', 2.50, 500),
(2, 'Napa 500mg', 'Brand of paracetamol used for fever, headache', 3.00, 450),
(3, 'Metformin 500mg', 'Used for type-2 diabetes control', 8.00, 300),
(4, 'Losectil 20mg', 'Omeprazole brand used for acidity', 12.00, 200),
(5, 'Azithromycin 500mg', 'Antibiotic used for infections', 35.00, 180),
(6, 'Cefixime 200mg', 'Antibiotic for respiratory and urinary infections', 30.00, 160),
(7, 'Montelukast 10mg', 'Used for allergy and asthma', 18.00, 140),
(8, 'Fexo 120mg', 'Fexofenadine brand used for allergy relief', 15.00, 160),
(9, 'ORS Saline', 'Oral rehydration solution for dehydration', 12.00, 800),
(10, 'Omeprazole 20mg', 'Acid reflux and gastritis treatment', 10.00, 250),
(11, 'Ace 500mg', 'Pain relief and fever reducer (brand)', 3.00, 450),
(12, 'Aspirin 75mg', 'Blood thinner for cardiac patients', 2.00, 600),
(13, 'Atorvastatin 10mg', 'Cholesterol-lowering medication', 18.00, 200),
(14, 'Cetrizine 10mg', 'Antihistamine for allergies', 1.50, 700),
(15, 'Dexorange', 'Iron supplement syrup', 95.00, 90),
(16, 'ORS IV Set', 'Intravenous rehydration therapy', 120.00, 60),
(17, 'Rabeprazole 20mg', 'Acid reflux treatment', 14.00, 210),
(18, 'Esomeprazole 20mg', 'GERD and gastric ulcer treatment', 18.00, 190),
(19, 'Amoxicillin 500mg', 'Antibiotic for infections', 10.00, 400),
(20, 'Zithrin 500', 'Azithromycin brand for severe infections', 38.00, 150),
(21, 'ORS Lite', 'Low sodium ORS formula', 10.00, 600),
(22, 'Domperidone 10mg', 'Used for nausea and digestive issues', 5.00, 350),
(23, 'Antacid Suspension', 'For acidity and gas problems', 35.00, 200),
(24, 'ORS Plus', 'Enhanced electrolyte formula', 14.00, 500),
(25, 'Doxycycline 100mg', 'Antibiotic for infections', 8.00, 300),
(26, 'Calcium 500mg', 'Bone strengthening supplement', 12.00, 250),
(27, 'Vitamin D3 2000IU', 'Vitamin supplement', 20.00, 180),
(28, 'Zinc Tablet 20mg', 'Used for acute diarrhea and immunity', 3.00, 500),
(29, 'ORS Glucose', 'Rehydration with glucose support', 12.00, 400),
(30, 'Ranitidine 150mg', 'Ulcer and acidity treatment', 4.00, 300),
(31, 'Losartan 50mg', 'Blood pressure control medication', 10.00, 220),
(32, 'Amlodipine 5mg', 'Calcium channel blocker for BP', 8.00, 230),
(33, 'Bisoprolol 5mg', 'Cardiac and BP medication', 14.00, 180),
(34, 'ORS Lemon', 'Flavored ORS drink', 15.00, 500),
(35, 'Azithrocin 500mg', 'Azithromycin branded antibiotic', 37.00, 170),
(36, 'Flucloxacillin 500mg', 'Antibiotic for skin infections', 10.00, 260),
(37, 'Histacin', 'Brand antihistamine for allergies', 3.00, 450),
(38, 'Lactulose Syrup', 'Used for constipation', 90.00, 120),
(39, 'ORS Orange', 'Flavored oral rehydration solution', 12.00, 350),
(40, 'ORS Apple', 'ORS with apple flavor', 12.00, 300),
(41, 'Thyroxine 50mcg', 'Thyroid hormone replacement', 8.00, 200),
(42, 'Insulin (Regular)', 'Diabetes control', 180.00, 70),
(43, 'ORS Banana', 'Banana flavored ORS', 12.00, 200),
(44, 'Metronidazole 400mg', 'Antibiotic for stomach infections', 6.00, 350),
(45, 'ORS Zinc', 'ORS with zinc', 16.00, 180),
(46, 'Cough Syrup', 'For dry and productive cough', 65.00, 150),
(47, 'Napa Extra', 'Paracetamol + caffeine for strong pain relief', 5.00, 380),
(48, 'ORS-K', 'Potassium rich ORS', 18.00, 120),
(49, 'Loratadine 10mg', 'Non-drowsy antihistamine', 5.00, 260),
(50, 'ORS Max', 'Advanced electrolyte formula', 20.00, 150),
(51, 'Ibuprofen 400mg', 'Pain killer and anti-inflammatory', 4.00, 400),
(52, 'ORS Junior', 'ORS for children', 12.00, 200),
(53, 'Sodium Chloride IV', 'IV fluid for dehydration', 110.00, 80),
(54, 'ORS Pediatric', 'Children ORS formula', 10.00, 250),
(55, 'Cough Expectorant', 'For chest congestion', 70.00, 110),
(56, 'ORS Mint', 'Mint flavored ORS', 15.00, 180),
(57, 'ORS Citrus', 'Citrus ORS formula', 14.00, 200),
(58, 'ORS Hydration Max', 'Fast hydration ORS', 20.00, 150),
(59, 'Clarithromycin 500mg', 'Antibiotic for chest infections', 28.00, 160),
(60, 'ORS Electrolyte A+', 'Enhanced ORS with minerals', 22.00, 100),
(61, 'Vitamin B Complex', 'Vitamin supplement', 6.00, 350),
(62, 'ORS Medical', 'Hospital-grade ORS', 16.00, 180),
(63, 'ORS Rapid', 'Rapid hydration ORS', 18.00, 140),
(64, 'ORS Hydrate', 'Electrolyte booster', 20.00, 120),
(65, 'ORS S', 'Standard WHO ORS formula', 10.00, 500),
(66, 'ORS E', 'Economy pack ORS', 8.00, 400),
(67, 'ORS B', 'Balanced electrolyte ORS', 12.00, 300),
(68, 'ORS H', 'High sodium ORS', 14.00, 250),
(69, 'ORS X', 'Premium ORS formula', 22.00, 120),
(70, 'ORS Vita', 'ORS + vitamins', 18.00, 160),
(71, 'ORS Pro', 'Advanced hydration', 25.00, 100),
(72, 'ORS Active', 'Sports hydration ORS', 28.00, 90),
(73, 'ORS Energy', 'Energy hydration mix', 30.00, 85),
(74, 'ORS Balance', 'Balanced electrolyte drink', 20.00, 140),
(75, 'ORS Care', 'Care ORS for mild dehydration', 14.00, 200),
(76, 'ORS Fast', 'Quick hydration formula', 18.00, 120),
(77, 'ORS Shield', 'Rehydration and immunity support', 22.00, 110),
(78, 'ORS Fresh', 'Flavored ORS for children', 12.00, 220),
(79, 'ORS Ultra', 'Ultra hydration ORS pack', 30.00, 90),
(80, 'ORS Safe', 'Safe, medical-grade ORS', 16.00, 200);

select * from medicine;


INSERT INTO Prescription (TreatmentID, MedicineID, Dosage, Frequency, Days) VALUES
(1, 10, '50mg', 'Once Daily', 7),
(2, 12, '500mg', 'Twice Daily', 5),
(3, 18, '1 Tablet', 'Thrice Daily', 10),
(4, 22, '5ml', 'Twice Daily', 7),
(5, 25, '10mg', 'Once Daily', 14),
(6, 30, '500mg', 'Twice Daily', 7),
(7, 33, '1 Tablet', 'Once Daily', 5),
(8, 38, '10ml', 'Thrice Daily', 3),
(9, 41, '250mg', 'Twice Daily', 7),
(10, 44, '1 Tablet', 'Once Daily', 10),
(11, 47, '500mg', 'Twice Daily', 7),
(12, 49, '1 Tablet', 'Once Daily', 14),
(13, 51, '5ml', 'Thrice Daily', 5),
(14, 53, '10mg', 'Once Daily', 7),
(15, 55, '500mg', 'Twice Daily', 10),
(16, 57, '1 Tablet', 'Once Daily', 5),
(17, 59, '20mg', 'Once Daily', 14),
(18, 61, '250mg', 'Twice Daily', 7),
(19, 63, '10ml', 'Thrice Daily', 5),
(20, 65, '500mg', 'Once Daily', 7),
(21, 67, '1 Tablet', 'Thrice Daily', 10),
(22, 69, '5ml', 'Once Daily', 5),
(23, 70, '250mg', 'Twice Daily', 7),
(24, 72, '500mg', 'Thrice Daily', 10),
(25, 75, '1 Tablet', 'Once Daily', 14),
(26, 77, '5ml', 'Twice Daily', 7),
(27, 79, '10mg', 'Once Daily', 10),
(28, 80, '500mg', 'Twice Daily', 7),
(29, 4, '1 Tablet', 'Thrice Daily', 5),
(30, 9, '5ml', 'Twice Daily', 7);

INSERT INTO Prescription (TreatmentID, MedicineID, Dosage, Frequency, Days) VALUES
(51, 1, '1 Tablet', 'Twice Daily', 7),
(52, 2, '5ml', 'Once Daily', 5),
(53, 3, '250mg', 'Thrice Daily', 10),
(54, 4, '500mg', 'Twice Daily', 7),
(55, 5, '10mg', 'Once Daily', 14),
(56, 6, '1 Tablet', 'Thrice Daily', 5),
(57, 7, '5ml', 'Twice Daily', 7),
(58, 8, '20mg', 'Once Daily', 10),
(59, 9, '250mg', 'Twice Daily', 7),
(60, 10, '500mg', 'Once Daily', 5),
(61, 12, '1 Tablet', 'Twice Daily', 7),
(62, 14, '5ml', 'Thrice Daily', 3),
(63, 16, '500mg', 'Once Daily', 7),
(64, 18, '250mg', 'Twice Daily', 10),
(65, 20, '1 Tablet', 'Thrice Daily', 5),
(66, 22, '500mg', 'Once Daily', 14),
(67, 24, '5ml', 'Twice Daily', 7),
(68, 26, '10mg', 'Once Daily', 10),
(69, 27, '250mg', 'Twice Daily', 5),
(70, 29, '1 Tablet', 'Once Daily', 7),
(71, 30, '5ml', 'Twice Daily', 3),
(72, 33, '500mg', 'Thrice Daily', 7),
(73, 34, '1 Tablet', 'Once Daily', 10),
(74, 35, '10mg', 'Once Daily', 7),
(75, 37, '500mg', 'Twice Daily', 10),
(76, 38, '1 Tablet', 'Thrice Daily', 5),
(77, 40, '5ml', 'Twice Daily', 7),
(78, 41, '250mg', 'Once Daily', 14),
(79, 43, '500mg', 'Thrice Daily', 7),
(80, 44, '1 Tablet', 'Once Daily', 10),
(81, 46, '10mg', 'Once Daily', 7),
(82, 47, '5ml', 'Twice Daily', 5),
(83, 48, '1 Tablet', 'Thrice Daily', 7),
(84, 49, '500mg', 'Twice Daily', 10),
(85, 50, '250mg', 'Once Daily', 7),
(86, 52, '1 Tablet', 'Twice Daily', 14),
(87, 53, '10ml', 'Thrice Daily', 5),
(88, 55, '500mg', 'Twice Daily', 7),
(89, 57, '1 Tablet', 'Once Daily', 5),
(90, 58, '5ml', 'Once Daily', 7),
(91, 59, '250mg', 'Twice Daily', 10),
(92, 60, '500mg', 'Once Daily', 7),
(93, 61, '1 Tablet', 'Thrice Daily', 5),
(94, 62, '10mg', 'Once Daily', 14),
(95, 63, '500mg', 'Twice Daily', 7),
(96, 65, '5ml', 'Thrice Daily', 5),
(97, 66, '250mg', 'Twice Daily', 7),
(98, 67, '1 Tablet', 'Once Daily', 10),
(99, 68, '10mg', 'Once Daily', 7),
(100, 69, '500mg', 'Twice Daily', 5);

select * from prescription;

INSERT INTO billing (AppointmentID, TotalAmount, PaidAmount, DueAmount, BillDate) VALUES
(1, 1200.00, 1200.00, 0.00, '2024-01-05'),
(2, 950.00, 950.00, 0.00, '2024-01-05'),
(3, 1800.00, 1500.00, 300.00, '2024-01-06'),
(4, 2000.00, 1800.00, 200.00, '2024-01-06'),
(5, 1300.00, 1300.00, 0.00, '2024-01-07'),
(6, 1700.00, 1200.00, 500.00, '2024-01-07'),
(7, 900.00, 900.00, 0.00, '2024-01-08'),
(8, 1500.00, 1500.00, 0.00, '2024-01-08'),
(9, 2200.00, 1800.00, 400.00, '2024-01-09'),
(10, 2000.00, 2000.00, 0.00, '2024-01-09'),
(11, 1300.00, 1300.00, 0.00, '2024-01-10'),
(12, 1800.00, 1800.00, 0.00, '2024-01-10'),
(13, 2100.00, 2000.00, 100.00, '2024-01-11'),
(14, 1200.00, 1200.00, 0.00, '2024-01-11'),
(15, 900.00, 900.00, 0.00, '2024-01-12'),
(16, 1600.00, 1500.00, 100.00, '2024-01-12'),
(17, 2300.00, 2000.00, 300.00, '2024-01-13'),
(18, 1400.00, 1400.00, 0.00, '2024-01-13'),
(19, 1200.00, 1200.00, 0.00, '2024-01-14'),
(20, 1700.00, 1600.00, 100.00, '2024-01-14'),
(21, 1900.00, 1500.00, 400.00, '2024-01-15'),
(22, 1300.00, 1300.00, 0.00, '2024-01-15'),
(23, 1000.00, 1000.00, 0.00, '2024-01-16'),
(24, 1800.00, 1600.00, 200.00, '2024-01-16'),
(25, 2200.00, 2000.00, 200.00, '2024-01-17'),
(26, 1500.00, 1500.00, 0.00, '2024-01-17'),
(27, 1300.00, 1300.00, 0.00, '2024-01-18'),
(28, 1200.00, 1200.00, 0.00, '2024-01-18'),
(29, 1800.00, 1500.00, 300.00, '2024-01-19'),
(30, 2000.00, 1800.00, 200.00, '2024-01-19'),
(31, 1100.00, 1100.00, 0.00, '2024-01-20'),
(32, 1400.00, 1400.00, 0.00, '2024-01-20'),
(33, 1700.00, 1500.00, 200.00, '2024-01-21'),
(34, 1900.00, 1900.00, 0.00, '2024-01-21'),
(35, 2100.00, 2000.00, 100.00, '2024-01-22'),
(36, 1500.00, 1500.00, 0.00, '2024-01-22'),
(37, 1300.00, 1300.00, 0.00, '2024-01-23'),
(38, 1200.00, 1200.00, 0.00, '2024-01-23'),
(39, 2000.00, 1800.00, 200.00, '2024-01-24'),
(40, 2100.00, 2100.00, 0.00, '2024-01-24'),
(41, 2300.00, 2000.00, 300.00, '2024-01-25'),
(42, 1400.00, 1400.00, 0.00, '2024-01-25'),
(43, 1200.00, 1200.00, 0.00, '2024-01-26'),
(44, 1500.00, 1500.00, 0.00, '2024-01-26'),
(45, 2000.00, 2000.00, 0.00, '2024-01-27'),
(46, 2100.00, 2100.00, 0.00, '2024-01-27'),
(47, 1500.00, 1500.00, 0.00, '2024-01-28'),
(48, 1600.00, 1600.00, 0.00, '2024-01-28'),
(49, 1300.00, 1300.00, 0.00, '2024-01-29'),
(50, 1700.00, 1700.00, 0.00, '2024-01-29');

INSERT INTO billing (AppointmentID, TotalAmount, PaidAmount, DueAmount, BillDate) VALUES
(51, 1800.00, 1800.00, 0.00, '2024-01-30'),
(52, 1600.00, 1500.00, 100.00, '2024-01-30'),
(53, 2000.00, 1800.00, 200.00, '2024-01-31'),
(54, 1400.00, 1400.00, 0.00, '2024-01-31'),
(55, 1300.00, 1300.00, 0.00, '2024-02-01'),
(56, 1700.00, 1500.00, 200.00, '2024-02-01'),
(57, 1900.00, 1900.00, 0.00, '2024-02-02'),
(58, 1200.00, 1200.00, 0.00, '2024-02-02'),
(59, 2000.00, 1800.00, 200.00, '2024-02-03'),
(60, 2100.00, 2100.00, 0.00, '2024-02-03'),
(61, 1500.00, 1500.00, 0.00, '2024-02-04'),
(62, 1400.00, 1400.00, 0.00, '2024-02-04'),
(63, 1300.00, 1300.00, 0.00, '2024-02-05'),
(64, 1800.00, 1500.00, 300.00, '2024-02-05'),
(65, 2000.00, 1800.00, 200.00, '2024-02-06'),
(66, 1200.00, 1200.00, 0.00, '2024-02-06'),
(67, 1700.00, 1700.00, 0.00, '2024-02-07'),
(68, 1500.00, 1500.00, 0.00, '2024-02-07'),
(69, 1900.00, 1600.00, 300.00, '2024-02-08'),
(70, 1800.00, 1800.00, 0.00, '2024-02-08'),
(71, 1300.00, 1300.00, 0.00, '2024-02-09'),
(72, 1400.00, 1400.00, 0.00, '2024-02-09'),
(73, 2000.00, 1800.00, 200.00, '2024-02-10'),
(74, 1700.00, 1700.00, 0.00, '2024-02-10'),
(75, 1600.00, 1600.00, 0.00, '2024-02-11'),
(76, 1500.00, 1500.00, 0.00, '2024-02-11'),
(77, 1800.00, 1500.00, 300.00, '2024-02-12'),
(78, 1900.00, 1900.00, 0.00, '2024-02-12'),
(79, 2000.00, 1800.00, 200.00, '2024-02-13'),
(80, 1400.00, 1400.00, 0.00, '2024-02-13'),
(81, 1300.00, 1300.00, 0.00, '2024-02-14'),
(82, 1700.00, 1700.00, 0.00, '2024-02-14'),
(83, 1600.00, 1600.00, 0.00, '2024-02-15'),
(84, 1500.00, 1500.00, 0.00, '2024-02-15'),
(85, 2000.00, 1800.00, 200.00, '2024-02-16'),
(86, 1800.00, 1800.00, 0.00, '2024-02-16'),
(87, 1700.00, 1500.00, 200.00, '2024-02-17'),
(88, 1600.00, 1600.00, 0.00, '2024-02-17'),
(89, 1900.00, 1700.00, 200.00, '2024-02-18'),
(90, 1500.00, 1500.00, 0.00, '2024-02-18'),
(91, 1300.00, 1300.00, 0.00, '2024-02-19'),
(92, 2000.00, 1800.00, 200.00, '2024-02-19'),
(93, 1800.00, 1800.00, 0.00, '2024-02-20'),
(94, 1700.00, 1700.00, 0.00, '2024-02-20'),
(95, 1500.00, 1500.00, 0.00, '2024-02-21'),
(96, 1600.00, 1600.00, 0.00, '2024-02-21'),
(97, 1400.00, 1400.00, 0.00, '2024-02-22'),
(98, 1300.00, 1300.00, 0.00, '2024-02-22'),
(99, 2000.00, 1800.00, 200.00, '2024-02-23'),
(100, 1800.00, 1800.00, 0.00, '2024-02-23'),
(101, 1500.00, 1500.00, 0.00, '2024-02-24'),
(102, 1700.00, 1700.00, 0.00, '2024-02-24'),
(103, 1600.00, 1600.00, 0.00, '2024-02-25'),
(104, 1400.00, 1400.00, 0.00, '2024-02-25'),
(105, 1300.00, 1300.00, 0.00, '2024-02-26'),
(106, 1800.00, 1500.00, 300.00, '2024-02-26'),
(107, 2000.00, 1800.00, 200.00, '2024-02-27'),
(108, 1500.00, 1500.00, 0.00, '2024-02-27'),
(109, 1700.00, 1700.00, 0.00, '2024-02-28'),
(110, 1600.00, 1600.00, 0.00, '2024-02-28'),
(111, 1800.00, 1800.00, 0.00, '2024-02-29'),
(112, 1500.00, 1500.00, 0.00, '2024-02-29'),
(113, 2000.00, 1800.00, 200.00, '2024-03-01'),
(114, 1700.00, 1700.00, 0.00, '2024-03-01'),
(115, 1600.00, 1600.00, 0.00, '2024-03-02'),
(116, 1500.00, 1500.00, 0.00, '2024-03-02'),
(117, 1800.00, 1800.00, 0.00, '2024-03-03'),
(118, 1400.00, 1400.00, 0.00, '2024-03-03'),
(119, 1300.00, 1300.00, 0.00, '2024-03-04'),
(120, 1700.00, 1700.00, 0.00, '2024-03-04'),
(121, 1500.00, 1500.00, 0.00, '2024-03-05'),
(122, 1800.00, 1800.00, 0.00, '2024-03-05'),
(123, 1600.00, 1600.00, 0.00, '2024-03-06'),
(124, 1500.00, 1500.00, 0.00, '2024-03-06'),
(125, 2000.00, 1800.00, 200.00, '2024-03-07'),
(126, 1700.00, 1700.00, 0.00, '2024-03-07'),
(127, 1500.00, 1500.00, 0.00, '2024-03-08'),
(128, 1400.00, 1400.00, 0.00, '2024-03-08'),
(129, 1800.00, 1500.00, 300.00, '2024-03-09'),
(130, 2000.00, 1800.00, 200.00, '2024-03-09'),
(131, 1600.00, 1600.00, 0.00, '2024-03-10'),
(132, 1500.00, 1500.00, 0.00, '2024-03-10'),
(133, 1400.00, 1400.00, 0.00, '2024-03-11'),
(134, 1800.00, 1800.00, 0.00, '2024-03-11'),
(135, 1600.00, 1600.00, 0.00, '2024-03-12'),
(136, 1500.00, 1500.00, 0.00, '2024-03-12'),
(137, 2000.00, 1800.00, 200.00, '2024-03-13'),
(138, 1700.00, 1700.00, 0.00, '2024-03-13'),
(139, 1600.00, 1600.00, 0.00, '2024-03-14'),
(140, 1500.00, 1500.00, 0.00, '2024-03-14'),
(141, 1800.00, 1500.00, 300.00, '2024-03-15'),
(142, 2000.00, 1800.00, 200.00, '2024-03-15'),
(143, 1700.00, 1700.00, 0.00, '2024-03-16'),
(144, 1500.00, 1500.00, 0.00, '2024-03-16'),
(145, 1600.00, 1600.00, 0.00, '2024-03-17'),
(146, 1800.00, 1800.00, 0.00, '2024-03-17'),
(147, 1500.00, 1500.00, 0.00, '2024-03-18'),
(148, 1400.00, 1400.00, 0.00, '2024-03-18'),
(149, 2000.00, 1800.00, 200.00, '2024-03-19'),
(150, 1700.00, 1700.00, 0.00, '2024-03-19');

select * from billing;

INSERT INTO payment (BillID, PaymentMethod, PaymentDate, AmountPaid) VALUES
(1, 'Cash', '2024-01-05', 1500.00),
(2, 'Card', '2024-01-05', 1400.00),
(2, 'Mobile Banking', '2024-01-06', 100.00),
(3, 'Cash', '2024-01-06', 1200.00),
(3, 'Card', '2024-01-06', 200.00),
(4, 'Mobile Banking', '2024-01-07', 1000.00),
(5, 'Cash', '2024-01-07', 1300.00),
(6, 'Card', '2024-01-08', 1500.00),
(7, 'Mobile Banking', '2024-01-08', 1600.00),
(8, 'Cash', '2024-01-09', 1200.00),
(9, 'Card', '2024-01-09', 1600.00),
(10, 'Cash', '2024-01-10', 1400.00),
(11, 'Mobile Banking', '2024-01-10', 1700.00),
(12, 'Cash', '2024-01-11', 1400.00),
(13, 'Card', '2024-01-11', 1300.00),
(14, 'Cash', '2024-01-12', 1100.00),
(15, 'Mobile Banking', '2024-01-12', 1700.00),
(16, 'Card', '2024-01-13', 1200.00),
(17, 'Cash', '2024-01-13', 1400.00),
(18, 'Mobile Banking', '2024-01-14', 1500.00),
(19, 'Cash', '2024-01-14', 1300.00),
(20, 'Card', '2024-01-15', 1600.00),
(21, 'Cash', '2024-01-15', 1800.00),
(22, 'Mobile Banking', '2024-01-16', 1500.00),
(23, 'Cash', '2024-01-16', 1400.00),
(24, 'Card', '2024-01-17', 1700.00),
(25, 'Cash', '2024-01-17', 1900.00),
(26, 'Mobile Banking', '2024-01-18', 1400.00),
(27, 'Cash', '2024-01-18', 1500.00),
(28, 'Card', '2024-01-19', 1600.00),
(29, 'Cash', '2024-01-19', 1000.00),
(29, 'Card', '2024-01-20', 1000.00),
(30, 'Mobile Banking', '2024-01-20', 1200.00),
(31, 'Cash', '2024-01-21', 1500.00),
(32, 'Card', '2024-01-21', 1400.00),
(33, 'Cash', '2024-01-22', 1200.00),
(34, 'Mobile Banking', '2024-01-22', 1500.00),
(35, 'Cash', '2024-01-23', 1600.00),
(36, 'Card', '2024-01-23', 1400.00),
(37, 'Cash', '2024-01-24', 1700.00),
(38, 'Mobile Banking', '2024-01-24', 1300.00),
(39, 'Cash', '2024-01-25', 1200.00),
(40, 'Card', '2024-01-25', 1400.00),
(41, 'Cash', '2024-01-26', 1600.00),
(42, 'Mobile Banking', '2024-01-26', 1700.00),
(43, 'Cash', '2024-01-27', 1400.00),
(44, 'Card', '2024-01-27', 1100.00),
(45, 'Cash', '2024-01-28', 1500.00),
(46, 'Mobile Banking', '2024-01-28', 1700.00),
(47, 'Cash', '2024-01-29', 1200.00),
(48, 'Card', '2024-01-29', 1400.00),
(49, 'Cash', '2024-01-30', 1500.00),
(50, 'Mobile Banking', '2024-01-30', 1600.00);

INSERT INTO payment (BillID, PaymentMethod, PaymentDate, AmountPaid) VALUES
(51, 'Cash', '2024-02-01', 1400.00),
(52, 'Card', '2024-02-01', 1200.00),
(53, 'Mobile Banking', '2024-02-02', 1600.00),
(54, 'Cash', '2024-02-02', 1500.00),
(55, 'Card', '2024-02-03', 1300.00),
(56, 'Cash', '2024-02-03', 1400.00),
(57, 'Mobile Banking', '2024-02-04', 1200.00),
(58, 'Cash', '2024-02-04', 1500.00),
(59, 'Card', '2024-02-05', 1600.00),
(60, 'Cash', '2024-02-05', 1300.00),
(61, 'Mobile Banking', '2024-02-06', 1400.00),
(62, 'Cash', '2024-02-06', 1200.00),
(63, 'Card', '2024-02-07', 1500.00),
(64, 'Cash', '2024-02-07', 1600.00),
(65, 'Mobile Banking', '2024-02-08', 1400.00),
(66, 'Cash', '2024-02-08', 1500.00),
(67, 'Card', '2024-02-09', 1300.00),
(68, 'Cash', '2024-02-09', 1400.00),
(69, 'Mobile Banking', '2024-02-10', 1200.00),
(70, 'Cash', '2024-02-10', 1500.00),
(71, 'Card', '2024-02-11', 1400.00),
(72, 'Cash', '2024-02-11', 1600.00),
(73, 'Mobile Banking', '2024-02-12', 1300.00),
(74, 'Cash', '2024-02-12', 1400.00),
(75, 'Card', '2024-02-13', 1500.00),
(76, 'Cash', '2024-02-13', 1600.00),
(77, 'Mobile Banking', '2024-02-14', 1400.00),
(78, 'Cash', '2024-02-14', 1500.00),
(79, 'Card', '2024-02-15', 1300.00),
(80, 'Cash', '2024-02-15', 1400.00),
(81, 'Mobile Banking', '2024-02-16', 1200.00),
(82, 'Cash', '2024-02-16', 1500.00),
(83, 'Card', '2024-02-17', 1400.00),
(84, 'Cash', '2024-02-17', 1600.00),
(85, 'Mobile Banking', '2024-02-18', 1300.00),
(86, 'Cash', '2024-02-18', 1400.00),
(87, 'Card', '2024-02-19', 1500.00),
(88, 'Cash', '2024-02-19', 1600.00),
(89, 'Mobile Banking', '2024-02-20', 1400.00),
(90, 'Cash', '2024-02-20', 1500.00),
(91, 'Card', '2024-02-21', 1300.00),
(92, 'Cash', '2024-02-21', 1400.00),
(93, 'Mobile Banking', '2024-02-22', 1200.00),
(94, 'Cash', '2024-02-22', 1500.00),
(95, 'Card', '2024-02-23', 1400.00),
(96, 'Cash', '2024-02-23', 1600.00),
(97, 'Mobile Banking', '2024-02-24', 1300.00),
(98, 'Cash', '2024-02-24', 1400.00),
(99, 'Card', '2024-02-25', 1500.00),
(100, 'Cash', '2024-02-25', 1600.00),
(101, 'Mobile Banking', '2024-02-26', 1400.00),
(102, 'Cash', '2024-02-26', 1500.00),
(103, 'Card', '2024-02-27', 1300.00),
(104, 'Cash', '2024-02-27', 1400.00),
(105, 'Mobile Banking', '2024-02-28', 1200.00),
(106, 'Cash', '2024-02-28', 1500.00),
(107, 'Card', '2024-02-29', 1400.00),
(108, 'Cash', '2024-02-29', 1600.00),
(109, 'Mobile Banking', '2024-03-01', 1300.00),
(110, 'Cash', '2024-03-01', 1400.00),
(111, 'Card', '2024-03-02', 1500.00),
(112, 'Cash', '2024-03-02', 1600.00),
(113, 'Mobile Banking', '2024-03-03', 1400.00),
(114, 'Cash', '2024-03-03', 1500.00),
(115, 'Card', '2024-03-04', 1300.00),
(116, 'Cash', '2024-03-04', 1400.00),
(117, 'Mobile Banking', '2024-03-05', 1200.00),
(118, 'Cash', '2024-03-05', 1500.00),
(119, 'Card', '2024-03-06', 1400.00),
(120, 'Cash', '2024-03-06', 1600.00),
(121, 'Mobile Banking', '2024-03-07', 1300.00),
(122, 'Cash', '2024-03-07', 1400.00),
(123, 'Card', '2024-03-08', 1500.00),
(124, 'Cash', '2024-03-08', 1600.00),
(125, 'Mobile Banking', '2024-03-09', 1400.00),
(126, 'Cash', '2024-03-09', 1500.00),
(127, 'Card', '2024-03-10', 1300.00),
(128, 'Cash', '2024-03-10', 1400.00),
(129, 'Mobile Banking', '2024-03-11', 1200.00),
(130, 'Cash', '2024-03-11', 1500.00),
(131, 'Card', '2024-03-12', 1400.00),
(132, 'Cash', '2024-03-12', 1600.00),
(133, 'Mobile Banking', '2024-03-13', 1300.00),
(134, 'Cash', '2024-03-13', 1400.00),
(135, 'Card', '2024-03-14', 1500.00),
(136, 'Cash', '2024-03-14', 1600.00),
(137, 'Mobile Banking', '2024-03-15', 1400.00),
(138, 'Cash', '2024-03-15', 1500.00),
(139, 'Card', '2024-03-16', 1300.00),
(140, 'Cash', '2024-03-16', 1400.00),
(141, 'Mobile Banking', '2024-03-17', 1200.00),
(142, 'Cash', '2024-03-17', 1500.00),
(143, 'Card', '2024-03-18', 1400.00),
(144, 'Cash', '2024-03-18', 1600.00),
(145, 'Mobile Banking', '2024-03-19', 1300.00),
(146, 'Cash', '2024-03-19', 1400.00),
(147, 'Card', '2024-03-19', 1500.00),
(148, 'Cash', '2024-03-19', 1600.00),
(149, 'Mobile Banking', '2024-03-19', 1400.00),
(150, 'Cash', '2024-03-19', 1500.00);

select * from payment;

